{"cameraMode":{"drawMode":0,"name":"Shaded","section":"Shading Mode"},"sceneLighting":false,"audioPlay":false,"sceneViewState":{"showFog":true,"showMaterialUpdate":true,"showSkybox":false,"showFlares":true,"showImageEffects":true,"showParticleSystems":true},"in2DMode":false,"pivot":{"x":0.9133825302124023,"y":8.497835159301758,"z":30.572582244873048},"rotation":{"x":0.09802500158548355,"y":-0.12741857767105103,"z":0.012655699625611306,"w":0.9869149327278137},"size":-0.07571768760681153,"orthographic":false}