{"cameraMode":{"drawMode":0,"name":"Shaded","section":"Shading Mode"},"sceneLighting":false,"audioPlay":false,"sceneViewState":{"showFog":true,"showMaterialUpdate":true,"showSkybox":false,"showFlares":true,"showImageEffects":true,"showParticleSystems":true},"in2DMode":false,"pivot":{"x":1.3197448253631592,"y":2.155425548553467,"z":2.087479829788208},"rotation":{"x":0.03237677365541458,"y":-0.6935636401176453,"z":0.0312311090528965,"w":0.7189932465553284},"size":7.086506366729736,"orthographic":false}