{"cameraMode":{"drawMode":0,"name":"Shaded","section":"Shading Mode"},"sceneLighting":true,"audioPlay":false,"sceneViewState":{"showFog":true,"showMaterialUpdate":true,"showSkybox":true,"showFlares":true,"showImageEffects":true,"showParticleSystems":true},"in2DMode":false,"pivot":{"x":362.1939697265625,"y":492.6640319824219,"z":-145.8952178955078},"rotation":{"x":0.02848498523235321,"y":-0.028484279289841653,"z":0.0008114360389299691,"w":0.9991945624351502},"size":103.07764434814453,"orthographic":false}