{"cameraMode":{"drawMode":0,"name":"Shaded","section":"Shading Mode"},"sceneLighting":true,"audioPlay":false,"sceneViewState":{"showFog":true,"showMaterialUpdate":true,"showSkybox":false,"showFlares":true,"showImageEffects":true,"showParticleSystems":true},"in2DMode":false,"pivot":{"x":-20.520000457763673,"y":1.8400001525878907,"z":9.490325927734375},"rotation":{"x":0.03237677365541458,"y":-0.6935636401176453,"z":0.0312311090528965,"w":0.7189932465553284},"size":12.12435531616211,"orthographic":false}