{"cameraMode":{"drawMode":0,"name":"Shaded","section":"Shading Mode"},"sceneLighting":false,"audioPlay":false,"sceneViewState":{"showFog":true,"showMaterialUpdate":true,"showSkybox":false,"showFlares":true,"showImageEffects":true,"showParticleSystems":true},"in2DMode":false,"pivot":{"x":0.0006529092788696289,"y":0.0,"z":0.0023095235228538515},"rotation":{"x":0.20855215191841126,"y":-0.6814720630645752,"z":0.21259617805480958,"w":0.6685107946395874},"size":0.1284383237361908,"orthographic":false}